seed,sample,ranking_score
1,0,0.40470245515912473
1,1,0.4397215808917619
1,2,0.4499156746977118
1,3,0.4043137458147802
1,4,0.48621124574388563
