seed,sample,ranking_score
1,0,0.5705444470124229
1,1,0.5510832905811696
1,2,0.5695540190981938
1,3,0.7496524627833883
1,4,0.5667640286990714
