seed,sample,ranking_score
1,0,0.41499926358491973
1,1,0.41680732047881663
1,2,0.4481191579006368
1,3,0.4750421553451616
1,4,0.4636015731267815
