seed,sample,ranking_score
1,0,0.4590714978136362
1,1,0.45690025294952097
1,2,0.5362363317765959
1,3,0.5109975117713753
1,4,0.5013840216483582
