seed,sample,ranking_score
1,0,0.525338788484067
1,1,0.5640646512468477
1,2,0.5246584631090107
1,3,0.6018421865518977
1,4,0.47146715676800777
