seed,sample,ranking_score
1,0,0.5946194196003665
1,1,0.7567157576941825
1,2,0.6073617840450933
1,3,0.8580812729213502
1,4,0.762496435376367
