seed,sample,ranking_score
1,0,0.6874045906644288
1,1,0.7474165314245654
1,2,0.7429096956709518
1,3,0.7297297626619972
1,4,0.7556073088472006
