seed,sample,ranking_score
1,0,0.5914452709797526
1,1,0.5920677528113699
1,2,0.6190524477613546
1,3,0.5599928517701164
1,4,0.5974989062877264
