seed,sample,ranking_score
1,0,0.6013093583951373
1,1,0.6096451196794815
1,2,0.6398913573816545
1,3,0.6462217780129792
1,4,0.6197510995489907
