seed,sample,ranking_score
1,0,0.50129363347945
1,1,0.5031819557370882
1,2,0.47646560279125943
1,3,0.5238091331800868
1,4,0.5183195336704642
