seed,sample,ranking_score
1,0,0.6219770216781113
1,1,0.6293621184541647
1,2,0.7119976378739103
1,3,0.6404329869426072
1,4,0.6367452856746834
