seed,sample,ranking_score
1,0,0.5870122758011654
1,1,0.6033529871902991
1,2,0.5724559865448176
1,3,0.5687189227700735
1,4,0.5707523207174726
