seed,sample,ranking_score
1,0,0.7922901628191673
1,1,0.7795928669196674
1,2,0.7528586148244955
1,3,0.7884234231191499
1,4,0.7935953657800241
