seed,sample,ranking_score
1,0,0.4024061503634204
1,1,0.38026392698082334
1,2,0.3999578325965507
1,3,0.4063844759731786
1,4,0.4165715524336712
