seed,sample,ranking_score
1,0,0.38791049397941085
1,1,0.39219671241321763
1,2,0.40008158788391246
1,3,0.3976652886274487
1,4,0.3795224724191924
