seed,sample,ranking_score
1,0,0.4455924908766171
1,1,0.45219946351874457
1,2,0.4757272491180324
1,3,0.5456145178616697
1,4,0.48987617973537567
