seed,sample,ranking_score
1,0,0.5253453365520299
1,1,0.4298354845524745
1,2,0.41063946957152453
1,3,0.3892923542933672
1,4,0.38782092243426014
