seed,sample,ranking_score
1,0,0.5266404025912756
1,1,0.5026778335716732
1,2,0.49203103292994294
1,3,0.5746213726205427
1,4,0.4662281367095239
