seed,sample,ranking_score
1,0,0.6773010899055862
1,1,0.6752207270355667
1,2,0.6492133947964839
1,3,0.6701887892602065
1,4,0.6942546269379837
