seed,sample,ranking_score
1,0,0.4088170039402713
1,1,0.40749588175717577
1,2,0.4719671340082554
1,3,0.5481666267003682
1,4,0.5185880207935284
