seed,sample,ranking_score
1,0,0.727115404786755
1,1,0.7141479358374823
1,2,0.708016439288264
1,3,0.5885327522785786
1,4,0.720812605345406
