seed,sample,ranking_score
1,0,0.4090793368953229
1,1,0.4022802559536487
1,2,0.4802111562271218
1,3,0.652779858495417
1,4,0.35566216142084955
