seed,sample,ranking_score
1,0,0.4432141204067945
1,1,0.3846420937126871
1,2,0.4038015427677262
1,3,0.4349523520741065
1,4,0.42520704113442337
