seed,sample,ranking_score
1,0,0.6686002125934762
1,1,0.6968162417683257
1,2,0.4556618280977258
1,3,0.5830493276803332
1,4,0.5463163171920142
