seed,sample,ranking_score
1,0,0.5248371333303418
1,1,0.519514225194969
1,2,0.5168386773380969
1,3,0.49914083150046673
1,4,0.585058880395404
