seed,sample,ranking_score
1,0,0.5596268551913068
1,1,0.49855090548621084
1,2,0.45169302100532555
1,3,0.5186930036814064
1,4,0.5941696735810365
