seed,sample,ranking_score
1,0,0.4494586134176496
1,1,0.5339031971046615
1,2,0.35455503551376844
1,3,0.4128881698441529
1,4,0.4873189537104597
