seed,sample,ranking_score
1,0,0.4669972455433386
1,1,0.4330522871608162
1,2,0.4218205731447676
1,3,0.5335549499159679
1,4,0.4995111063135308
