seed,sample,ranking_score
1,0,0.4694266994287243
1,1,0.4395038374697211
1,2,0.4218356282165832
1,3,0.5206217901859008
1,4,0.4907609546249909
