seed,sample,ranking_score
1,0,0.43840963827252255
1,1,0.4273850508979712
1,2,0.42574746880512654
1,3,0.47254452756440535
1,4,0.4807777469531159
