seed,sample,ranking_score
1,0,0.4826953916582074
1,1,0.5116519180344443
1,2,0.5947671280342549
1,3,0.42325161844921777
1,4,0.5120736675865772
