seed,sample,ranking_score
1,0,0.4883459105142586
1,1,0.4254670945647496
1,2,0.3803620113588868
1,3,0.5161100326664083
1,4,0.4574590000013431
