seed,sample,ranking_score
1,0,0.5361166692521727
1,1,0.651663398567575
1,2,0.652068172167888
1,3,0.5588568030718291
1,4,0.5790258838644721
