seed,sample,ranking_score
1,0,0.47680281116538326
1,1,0.4431419590365831
1,2,0.4226160342800265
1,3,0.5436037308621067
1,4,0.5033898344806509
