seed,sample,ranking_score
1,0,0.5008438760933556
1,1,0.5368468737474509
1,2,0.38908181451460916
1,3,0.3448304648647939
1,4,0.5830517289956818
