seed,sample,ranking_score
1,0,0.3934259801183463
1,1,0.390037256287842
1,2,0.4477702874151786
1,3,0.5731605627646903
1,4,0.583380908527874
