seed,sample,ranking_score
1,0,0.42636096995456296
1,1,0.48567237187724693
1,2,0.6768027929763394
1,3,0.5064260832732964
1,4,0.4298590572840302
