seed,sample,ranking_score
1,0,0.562723258516163
1,1,0.7518169893141493
1,2,0.7736520408956855
1,3,0.797228241560231
1,4,0.334013065263094
