seed,sample,ranking_score
1,0,0.7443596206998759
1,1,0.7231973321956237
1,2,0.7355682954830742
1,3,0.7391737687513216
1,4,0.7107379726231529
