seed,sample,ranking_score
1,0,0.48026932589257776
1,1,0.40415745372815665
1,2,0.4216777140666536
1,3,0.41507463632569874
1,4,0.4222992321211506
