seed,sample,ranking_score
1,0,0.5455826370756678
1,1,0.6578678743345474
1,2,0.5558743491598378
1,3,0.6715817638357742
1,4,0.6589033081799012
