seed,sample,ranking_score
1,0,0.562643698655497
1,1,0.44414669192078327
1,2,0.5479308884915781
1,3,0.5415185382224286
1,4,0.5429587253246586
