seed,sample,ranking_score
1,0,0.4845318081430582
1,1,0.3981622708187838
1,2,0.409565182597824
1,3,0.6014660557028823
1,4,0.53922017292662
