seed,sample,ranking_score
1,0,0.5962332679041364
1,1,0.6544728400244577
1,2,0.6428768117631379
1,3,0.5418294331776945
1,4,0.6421649304334749
