seed,sample,ranking_score
1,0,0.5194590210046768
1,1,0.7116115873034242
1,2,0.44641767311556124
1,3,0.5883703197354511
1,4,0.5042667126882961
