seed,sample,ranking_score
1,0,0.6926082851729438
1,1,0.5887439549154663
1,2,0.36253996391337284
1,3,0.7177322516230772
1,4,0.5668559448461139
