seed,sample,ranking_score
1,0,0.5005580013080718
1,1,0.65363562458238
1,2,0.5172577343706234
1,3,0.31923030557893317
1,4,0.3681118025023616
