seed,sample,ranking_score
1,0,0.4023087932970746
1,1,0.4920923126814507
1,2,0.46463499317787393
1,3,0.4269563701230943
1,4,0.46857456742301873
