seed,sample,ranking_score
1,0,0.4479996886054452
1,1,0.45729775987046684
1,2,0.4536749452121277
1,3,0.4467142103118981
1,4,0.45251881782896475
