seed,sample,ranking_score
1,0,0.8265669032702281
1,1,0.8016068667163893
1,2,0.8490720423098858
1,3,0.8287643719988573
1,4,0.819274930020736
