seed,sample,ranking_score
1,0,0.5360195084999234
1,1,0.5365213297311555
1,2,0.5365307629940284
1,3,0.5364773623028732
1,4,0.5371237822291641
