seed,sample,ranking_score
1,0,0.5369180198541675
1,1,0.5371208697996496
1,2,0.5368176433315103
1,3,0.536531272706288
1,4,0.5363962040890445
