seed,sample,ranking_score
1,0,0.34174001849612556
1,1,0.39856222434025257
1,2,0.33046563533933315
1,3,0.3550543240556899
1,4,0.34113516075655576
