seed,sample,ranking_score
1,0,0.4674447989946728
1,1,0.590937027531907
1,2,0.4851664375659687
1,3,0.4978163384814641
1,4,0.5087540011771771
