seed,sample,ranking_score
1,0,0.5212415846371844
1,1,0.37341390307209554
1,2,0.48774100841157253
1,3,0.4278833613726476
1,4,0.5796860068713376
