seed,sample,ranking_score
1,0,0.5094340681441911
1,1,0.5502707001692921
1,2,0.5698772060785114
1,3,0.7660944753529698
1,4,0.5673720186965034
