seed,sample,ranking_score
1,0,0.3869943099665587
1,1,0.3484880554178305
1,2,0.37723214860551535
1,3,0.40706167992748143
1,4,0.37929620412334386
