seed,sample,ranking_score
1,0,0.5805230133181003
1,1,0.5740978755402997
1,2,0.5820625982533935
1,3,0.585518371051954
1,4,0.5753007855994368
