seed,sample,ranking_score
1,0,0.414103011199485
1,1,0.43154922316575717
1,2,0.4478089804324055
1,3,0.46810903716675323
1,4,0.4703669980258355
