seed,sample,ranking_score
1,0,0.4052462661986156
1,1,0.4408556558098178
1,2,0.44978534383466534
1,3,0.40355676662211093
1,4,0.4868299254224044
