seed,sample,ranking_score
1,0,0.5310166634615638
1,1,0.5626730220051211
1,2,0.5257619079757976
1,3,0.6056840508792333
1,4,0.4742920161295633
