seed,sample,ranking_score
1,0,0.49536198205645526
1,1,0.6053247765917125
1,2,0.5123047284995997
1,3,0.571548918795034
1,4,0.6097942601427426
