seed,sample,ranking_score
1,0,0.5803990085978854
1,1,0.6163454703598112
1,2,0.5875017591906857
1,3,0.576809311354635
1,4,0.5887515280871889
