seed,sample,ranking_score
1,0,0.372358868633556
1,1,0.37321797233115384
1,2,0.3537315673760577
1,3,0.3323775039674281
1,4,0.37354280547459395
