seed,sample,ranking_score
1,0,0.7096331899986542
1,1,0.7106275443602766
1,2,0.7328077885656678
1,3,0.7210191245206131
1,4,0.7049213864575604
