seed,sample,ranking_score
1,0,0.9938029331460436
1,1,0.9954250319504899
1,2,0.9874621502523828
1,3,0.9906128173309457
1,4,0.9883141611952604
