seed,sample,ranking_score
1,0,0.5256739873905626
1,1,0.5096424658552119
1,2,0.4969955115943743
1,3,0.4085473536121403
1,4,0.5177919831555661
