seed,sample,ranking_score
1,0,0.7506749240320525
1,1,0.7446281261426144
1,2,0.7518424510783394
1,3,0.7556026625768251
1,4,0.7439954635689722
