seed,sample,ranking_score
1,0,0.8071755931208867
1,1,0.8095527571309409
1,2,0.8090457368227997
1,3,0.8140067021633423
1,4,0.8104509908694566
