seed,sample,ranking_score
1,0,0.517517235798013
1,1,0.8315984777224952
1,2,0.6872717111231568
1,3,0.8222365826399696
1,4,0.6029699134512779
