seed,sample,ranking_score
1,0,0.5095497969319154
1,1,0.7904038169501086
1,2,0.7715997274391841
1,3,0.5032691316095552
1,4,0.5270171775201574
