seed,sample,ranking_score
1,0,0.6588031296628227
1,1,0.7546528145938307
1,2,0.510966879703445
1,3,0.6039328415810287
1,4,0.6463721390577493
