seed,sample,ranking_score
1,0,0.5951213973671237
1,1,0.5500247766976113
1,2,0.5319446459840725
1,3,0.6513813678155498
1,4,0.8002921716883058
