seed,sample,ranking_score
1,0,0.5663128327962097
1,1,0.487715117637211
1,2,0.6406768668892278
1,3,0.6112897685449532
1,4,0.5731648292836572
