seed,sample,ranking_score
1,0,0.6057971348491686
1,1,0.5873127031930059
1,2,0.6246536592883563
1,3,0.7157343677280961
1,4,0.5067339894733051
