seed,sample,ranking_score
1,0,0.5208474547946267
1,1,0.45772558327035406
1,2,0.49709819466393296
1,3,0.39063420146552064
1,4,0.4302693404515895
