seed,sample,ranking_score
1,0,0.3184332980502403
1,1,0.3637432033080837
1,2,0.372766302658604
1,3,0.3196745508567029
1,4,0.3188441849727433
