seed,sample,ranking_score
1,0,0.9763659790813767
1,1,0.8743650449145022
1,2,0.9431210505537924
1,3,0.9335655694832727
1,4,0.8792611217956754
