seed,sample,ranking_score
1,0,0.6135814817851956
1,1,0.5348459787770545
1,2,0.5537058738871009
1,3,0.4738574919394434
1,4,0.5316808325283966
