seed,sample,ranking_score
1,0,0.46728346675351995
1,1,0.4790391543821277
1,2,0.47941008725636164
1,3,0.4822612486993002
1,4,0.492186088728789
