seed,sample,ranking_score
1,0,0.3498903054769159
1,1,0.349344445560634
1,2,0.35486753115419756
1,3,0.35946874142666074
1,4,0.35415320309704074
