seed,sample,ranking_score
1,0,0.3577872788342988
1,1,0.3683702923776029
1,2,0.3651669087103573
1,3,0.3629488850230027
1,4,0.35775793025227265
