seed,sample,ranking_score
1,0,0.2926380579023796
1,1,0.3532604865887822
1,2,0.5838752299321267
1,3,0.42458722618742506
1,4,0.30924544165645557
