seed,sample,ranking_score
1,0,0.35859878131028633
1,1,0.3688011490499703
1,2,0.37167076173396807
1,3,0.3552466177551366
1,4,0.3331332741553136
