seed,sample,ranking_score
1,0,0.3073839922276214
1,1,0.28949228003733357
1,2,0.5862482777463867
1,3,0.3893316227453584
1,4,0.31252730648381666
