seed,sample,ranking_score
1,0,0.5566676911498627
1,1,0.5106213916855921
1,2,0.49076324204685234
1,3,0.4310022728718224
1,4,0.506410396417787
