seed,sample,ranking_score
1,0,0.45242964598617175
1,1,0.34331632714710825
1,2,0.48944056989073415
1,3,0.4225494260167904
1,4,0.5063995951705713
