seed,sample,ranking_score
1,0,0.38991584000269564
1,1,0.3807823328950059
1,2,0.40878231545837845
1,3,0.4092090426259326
1,4,0.29297604739722066
