seed,sample,ranking_score
1,0,0.35570078852462983
1,1,0.41483293477389716
1,2,0.39163294248070646
1,3,0.41701809196342093
1,4,0.36853795676639983
