seed,sample,ranking_score
1,0,0.4627761120765974
1,1,0.48029075333056326
1,2,0.603510466086511
1,3,0.4886926728996057
1,4,0.5201541239495242
