seed,sample,ranking_score
1,0,0.4121650963563721
1,1,0.443921856863977
1,2,0.6287673737569055
1,3,0.35180909555962425
1,4,0.2931169995505434
