seed,sample,ranking_score
1,0,0.469310720437358
1,1,0.5070937845872769
1,2,0.6701609298898153
1,3,0.532831822815974
1,4,0.5748615870138367
