seed,sample,ranking_score
1,0,0.31928264276874163
1,1,0.29883678028055205
1,2,0.6585062138951417
1,3,0.30654759887384236
1,4,0.31290765573123785
