seed,sample,ranking_score
1,0,0.6486050767792165
1,1,0.6661473385317404
1,2,0.6461242176751658
1,3,0.6459560048402355
1,4,0.6440822060905097
