seed,sample,ranking_score
1,0,0.513317425447772
1,1,0.6103305523631479
1,2,0.5311537685529242
1,3,0.4978755990486901
1,4,0.4989261270429739
