seed,sample,ranking_score
1,0,0.787713822269668
1,1,0.4293286586663526
1,2,0.5030317195901945
1,3,0.2993804857949462
1,4,0.5795087958860379
