seed,sample,ranking_score
1,0,0.3116281793041302
1,1,0.5165449094719736
1,2,0.301812846072987
1,3,0.4261113432397924
1,4,0.6178483195652674
