seed,sample,ranking_score
1,0,0.3568486009478004
1,1,0.3566551997973194
1,2,0.35603275267658796
1,3,0.35393642374148054
1,4,0.3577371949528845
