seed,sample,ranking_score
1,0,0.6318325016237137
1,1,0.613605644444619
1,2,0.7478477896157587
1,3,0.7873703421363081
1,4,0.5976912376637619
