seed,sample,ranking_score
1,0,0.35467632975101604
1,1,0.34921015630957264
1,2,0.37463603401868834
1,3,0.35468003892792876
1,4,0.36991775465217847
