seed,sample,ranking_score
1,0,0.5895299816438971
1,1,0.5809331450413241
1,2,0.5938828506511642
1,3,0.5747530213502157
1,4,0.5803068879166501
