seed,sample,ranking_score
1,0,0.6232416288774822
1,1,0.6275772909759767
1,2,0.6212921182802074
1,3,0.6165684735307864
1,4,0.6174300004938522
