seed,sample,ranking_score
1,0,0.3788035556442876
1,1,0.3851708222401657
1,2,0.407760592778878
1,3,0.38018938644236455
1,4,0.40065355076993425
