seed,sample,ranking_score
1,0,0.5507382192825061
1,1,0.5239610865457367
1,2,0.5354738218646763
1,3,0.5549372221904163
1,4,0.5569928040924711
