seed,sample,ranking_score
1,0,0.7404596027270829
1,1,0.7369038102242551
1,2,0.7582189985649127
1,3,0.7491284745253485
1,4,0.748462199153553
