seed,sample,ranking_score
1,0,0.6832407530356893
1,1,0.6250563959311489
1,2,0.6320726490240588
1,3,0.6488891979104975
1,4,0.6544560421870947
