seed,sample,ranking_score
1,0,0.8195951727554075
1,1,0.8232302844279973
1,2,0.8162264531139305
1,3,0.8203682140599557
1,4,0.8192155644238779
