seed,sample,ranking_score
1,0,0.6400295058405409
1,1,0.5854845108223297
1,2,0.5820785741831889
1,3,0.586334900242555
1,4,0.5858327151337
