seed,sample,ranking_score
1,0,0.3929588204612396
1,1,0.425081291293122
1,2,0.400409850220406
1,3,0.4225586968650843
1,4,0.41448432346535047
