seed,sample,ranking_score
1,0,0.4953341132672921
1,1,0.5255385710368332
1,2,0.4383850384474733
1,3,0.4150440274834729
1,4,0.5961511393490124
