seed,sample,ranking_score
1,0,0.41168770375507174
1,1,0.37548183948743075
1,2,0.4364384563215472
1,3,0.3951666146850368
1,4,0.3863851745162191
