seed,sample,ranking_score
1,0,0.5002282067134962
1,1,0.531733004804288
1,2,0.48610895081794536
1,3,0.4609492528432985
1,4,0.4473546454619117
