seed,sample,ranking_score
1,0,0.4961817331416868
1,1,0.4843809895028959
1,2,0.4552933425248904
1,3,0.4008262421289921
1,4,0.5909475214706502
