seed,sample,ranking_score
1,0,0.6634783242221576
1,1,0.6645985420141081
1,2,0.7588836364023571
1,3,0.6714016794500032
1,4,0.6360221620181425
