seed,sample,ranking_score
1,0,0.5540089154438024
1,1,0.7858732121767483
1,2,0.5630564663997883
1,3,0.7835999334495083
1,4,0.6176088609776709
