seed,sample,ranking_score
1,0,0.5124182958828281
1,1,0.5191128346090657
1,2,0.504892884966594
1,3,0.5044011545945377
1,4,0.5458471903591832
