seed,sample,ranking_score
1,0,0.7729603569600368
1,1,0.7803224706579057
1,2,0.77869234905901
1,3,0.7712082356672005
1,4,0.7745245791453749
