seed,sample,ranking_score
1,0,0.4223430249440123
1,1,0.6528776501669293
1,2,0.40149966280688953
1,3,0.5175659331469747
1,4,0.4755298635149844
