seed,sample,ranking_score
1,0,0.5973788067088617
1,1,0.4898063143079656
1,2,0.4458401438023508
1,3,0.5180351138699308
1,4,0.4824104769449252
