seed,sample,ranking_score
1,0,0.4500253871713843
1,1,0.5341226070958844
1,2,0.35594487382756346
1,3,0.43235796387718517
1,4,0.47469230492788245
