seed,sample,ranking_score
1,0,0.6510467227147199
1,1,0.6798467601469571
1,2,0.7103961874685609
1,3,0.7286678233456543
1,4,0.6622395399544014
