seed,sample,ranking_score
1,0,0.5639082637642651
1,1,0.6633270659583173
1,2,0.6955817647039897
1,3,0.5800038628422968
1,4,0.6231591380411463
