seed,sample,ranking_score
1,0,0.6691989535552041
1,1,0.734975810671863
1,2,0.6493030247302658
1,3,0.668975475760864
1,4,0.7721488908410445
