seed,sample,ranking_score
1,0,0.559167896160591
1,1,0.4983987113536881
1,2,0.4516046926372944
1,3,0.5152428978220702
1,4,0.6010679461074987
