seed,sample,ranking_score
1,0,0.38638255887831974
1,1,0.4193670205127935
1,2,0.42448406239905323
1,3,0.4546049299446789
1,4,0.3844317128782617
