seed,sample,ranking_score
1,0,0.38040612923514744
1,1,0.3847604318197886
1,2,0.4217026277908021
1,3,0.3785076230343825
1,4,0.3741375815121532
