seed,sample,ranking_score
1,0,0.5219898077658799
1,1,0.5123440118093674
1,2,0.515739305732923
1,3,0.5434758008940789
1,4,0.5209610327824932
