seed,sample,ranking_score
1,0,0.5303222887659395
1,1,0.5618913481633883
1,2,0.5855988819231062
1,3,0.5599634747410365
1,4,0.580350574399435
