seed,sample,ranking_score
1,0,0.5763538875103372
1,1,0.5736138023894962
1,2,0.5648856303097679
1,3,0.5613772592771678
1,4,0.6891457878642386
