seed,sample,ranking_score
1,0,0.8742792456005436
1,1,0.8875313804298278
1,2,0.7953973986217817
1,3,0.9335962183821512
1,4,0.9107624615539089
