seed,sample,ranking_score
1,0,0.5460806935188346
1,1,0.5434961243154824
1,2,0.5588002984093295
1,3,0.5308332418704866
1,4,0.5563428347846107
