seed,sample,ranking_score
1,0,0.5737791716645618
1,1,0.5443187139278746
1,2,0.5431035054635421
1,3,0.5684924596475434
1,4,0.5193844637427063
