seed,sample,ranking_score
1,0,0.49522666180573643
1,1,0.49329968845204347
1,2,0.49765751561107513
1,3,0.4912628545414325
1,4,0.4996196553068314
