seed,sample,ranking_score
1,0,0.5818526625821598
1,1,0.5462191317712771
1,2,0.5526879289096043
1,3,0.5439328020945794
1,4,0.5511569626663823
