seed,sample,ranking_score
1,0,0.6148432797976939
1,1,0.6695294836830509
1,2,0.6704666165919995
1,3,0.6883454860645501
1,4,0.5702944645111344
