seed,sample,ranking_score
1,0,0.5653625830734941
1,1,0.567964173442082
1,2,0.5650646460876909
1,3,0.5732504048247823
1,4,0.5601401293921126
