seed,sample,ranking_score
1,0,0.37351696489841874
1,1,0.36934025513760216
1,2,0.37045976408691184
1,3,0.37481674093130113
1,4,0.36591505371645205
