seed,sample,ranking_score
1,0,0.6097796474639027
1,1,0.6189118215908515
1,2,0.5536335774186688
1,3,0.6061594081411338
1,4,0.6053836529878519
