seed,sample,ranking_score
1,0,0.5235693427464548
1,1,0.5433678919541874
1,2,0.5748266563063521
1,3,0.5441902801676691
1,4,0.5360017974400461
