seed,sample,ranking_score
1,0,0.6504833585307508
1,1,0.6505449568483122
1,2,0.6424884905726089
1,3,0.6920723224381959
1,4,0.6631789713424486
