seed,sample,ranking_score
1,0,0.5759126053551804
1,1,0.5713966428081835
1,2,0.547456536781186
1,3,0.5832792553426055
1,4,0.5835661069480654
