seed,sample,ranking_score
1,0,0.3722591766303822
1,1,0.3509112855540316
1,2,0.41868055034042007
1,3,0.44042752190739765
1,4,0.4338218656845323
