seed,sample,ranking_score
1,0,0.39108554905918613
1,1,0.44396816119938276
1,2,0.4607618474126918
1,3,0.41865231954194465
1,4,0.427993568049617
