seed,sample,ranking_score
1,0,0.3824647672877266
1,1,0.40872075917418
1,2,0.393393790015909
1,3,0.3950301600394361
1,4,0.3759320084829656
