seed,sample,ranking_score
1,0,0.33696348547197935
1,1,0.33505769615409037
1,2,0.3388282881764141
1,3,0.9147423151057206
1,4,0.3483881489087867
