seed,sample,ranking_score
1,0,0.4088873092086348
1,1,0.47242645129126215
1,2,0.4264440513461049
1,3,0.4708397735847237
1,4,0.4007024478690047
