seed,sample,ranking_score
1,0,0.3288477761867745
1,1,0.7633591835323834
1,2,0.7862589238183347
1,3,0.8350679887229326
1,4,0.7930256698950826
