seed,sample,ranking_score
1,0,0.31041187207006554
1,1,0.800699357897289
1,2,0.42420721325430555
1,3,0.8080318340584194
1,4,0.5029175803659713
