seed,sample,ranking_score
1,0,0.5523790665145576
1,1,0.48658859893850437
1,2,0.6475511622021999
1,3,0.45527364084704297
1,4,0.6239030673064485
