seed,sample,ranking_score
1,0,0.3943983592482613
1,1,0.4168501605127018
1,2,0.3992123053689952
1,3,0.40051363801479667
1,4,0.4282428653227971
