seed,sample,ranking_score
1,0,0.5024725394161147
1,1,0.5576237407102241
1,2,0.5945471119633606
1,3,0.550559792992515
1,4,0.6387889261987594
