seed,sample,ranking_score
1,0,0.41105685759321586
1,1,0.4343577376187688
1,2,0.44385649987428266
1,3,0.4355765261099884
1,4,0.46116474547162944
