seed,sample,ranking_score
1,0,0.4846817999440462
1,1,0.36324028470026987
1,2,0.4891309045395863
1,3,0.4327813321645254
1,4,0.39883789924656565
