seed,sample,ranking_score
1,0,0.4016111760318797
1,1,0.5089223553039672
1,2,0.5571548302562245
1,3,0.46991681317634393
1,4,0.40359801324051076
