seed,sample,ranking_score
1,0,0.34249010057418855
1,1,0.37399340367135364
1,2,0.3596518059999813
1,3,0.3539688992438143
1,4,0.3674110778923556
