seed,sample,ranking_score
1,0,0.6600581502843307
1,1,0.6667676113632884
1,2,0.6570041364363649
1,3,0.6515904502012209
1,4,0.63358202834507
