seed,sample,ranking_score
1,0,0.3884483939753249
1,1,0.35135941307571494
1,2,0.5039023135628368
1,3,0.583231642106396
1,4,0.34619509083289984
