seed,sample,ranking_score
1,0,0.731198257830258
1,1,0.6818235854637331
1,2,0.7329787072635194
1,3,0.7511944882996977
1,4,0.692479033088546
