seed,sample,ranking_score
1,0,0.5950867863584729
1,1,0.5107610717008791
1,2,0.6067261212005558
1,3,0.5354376318601469
1,4,0.5583050304424885
