seed,sample,ranking_score
1,0,0.5103241410805105
1,1,0.7894134004528439
1,2,0.7721712673453038
1,3,0.5048998853983778
1,4,0.5272291783816881
