seed,sample,ranking_score
1,0,0.6717755022440306
1,1,0.6612292252617341
1,2,0.6681750713017582
1,3,0.657050843201497
1,4,0.6983691805778458
