seed,sample,ranking_score
1,0,0.6544175407534245
1,1,0.5963312847726469
1,2,0.5963526276273592
1,3,0.5938244099820927
1,4,0.5377894493905654
