seed,sample,ranking_score
1,0,0.78013637577497
1,1,0.7830182703611985
1,2,0.7892908537033471
1,3,0.7527154710172848
1,4,0.7751035609684392
