seed,sample,ranking_score
1,0,0.559149279277007
1,1,0.49449770517192615
1,2,0.6413421606058758
1,3,0.616901966849746
1,4,0.5733947978281413
