seed,sample,ranking_score
1,0,0.590203716067075
1,1,0.5497880916202882
1,2,0.5316962717736365
1,3,0.6455797118839719
1,4,0.8011884602048269
