seed,sample,ranking_score
1,0,0.5557148623301811
1,1,0.5185225196714527
1,2,0.5831984453632603
1,3,0.6226893626222512
1,4,0.5937246050962894
