seed,sample,ranking_score
1,0,0.6108851672953525
1,1,0.5300187947591436
1,2,0.49500663959943125
1,3,0.5346333175657919
1,4,0.5333640509414437
