seed,sample,ranking_score
1,0,0.9669718059923614
1,1,0.8734781238199185
1,2,0.9756718721196265
1,3,0.9344552719408303
1,4,0.8772387015994518
