seed,sample,ranking_score
1,0,0.647794479645087
1,1,0.5943664854919746
1,2,0.4257268349942195
1,3,0.6832608507742439
1,4,0.3941369239722968
