seed,sample,ranking_score
1,0,0.3315443137322414
1,1,0.3762443873928383
1,2,0.3935175808695715
1,3,0.4256170736555938
1,4,0.39468391647664114
