seed,sample,ranking_score
1,0,0.5532156967389256
1,1,0.7520365223301926
1,2,0.7695510125929834
1,3,0.8820335886623768
1,4,0.7675238539093703
