seed,sample,ranking_score
1,0,0.3503317796764016
1,1,0.4213117823390453
1,2,0.3492672332702726
1,3,0.3430031407225102
1,4,0.39619358041511943
