seed,sample,ranking_score
1,0,0.3599821650790701
1,1,0.44859134998456673
1,2,0.3882653840319662
1,3,0.35412699407043985
1,4,0.34211767270671145
