seed,sample,ranking_score
1,0,0.6061890504258425
1,1,0.41298331967830076
1,2,0.49868641582771056
1,3,0.3909559018680564
1,4,0.7110185679453295
