seed,sample,ranking_score
1,0,0.5301214611023706
1,1,0.49374943577688557
1,2,0.628115612672306
1,3,0.6033764443975362
1,4,0.5212327722919736
