seed,sample,ranking_score
1,0,0.3986364321151813
1,1,0.41877088641873095
1,2,0.39090360647131955
1,3,0.4443965238403582
1,4,0.3247101624903064
