seed,sample,ranking_score
1,0,0.6018059451215032
1,1,0.5140796741396978
1,2,0.5230721803305147
1,3,0.4816024314635919
1,4,0.6213102041601062
