seed,sample,ranking_score
1,0,0.4230274492290343
1,1,0.518458014077163
1,2,0.35080467756788525
1,3,0.4178981601776977
1,4,0.35802437857782415
