seed,sample,ranking_score
1,0,0.5227945938194366
1,1,0.4810263215836574
1,2,0.5618957923338262
1,3,0.5345384461506747
1,4,0.4303646456524092
