seed,sample,ranking_score
1,0,0.48612975393945307
1,1,0.5199325065602749
1,2,0.5655673594549205
1,3,0.5985805083375352
1,4,0.5499980691945023
