seed,sample,ranking_score
1,0,0.6359631139268549
1,1,0.4918590622237745
1,2,0.599079787381615
1,3,0.5340366416398377
1,4,0.6055194962402805
