seed,sample,ranking_score
1,0,0.5140704926733201
1,1,0.5640359802680939
1,2,0.5664813818916172
1,3,0.5305481547607758
1,4,0.632935689262039
