seed,sample,ranking_score
1,0,0.3315660932920569
1,1,0.3330322760811167
1,2,0.3696834256711946
1,3,0.3307163659554344
1,4,0.3082813567242881
