seed,sample,ranking_score
1,0,0.5766059025536976
1,1,0.520349612034133
1,2,0.5160002804781001
1,3,0.5043111486062601
1,4,0.5132916729784067
