seed,sample,ranking_score
1,0,0.8183656374834395
1,1,0.6383760819638415
1,2,0.6976502875619994
1,3,0.6653702854311294
1,4,0.6423509299738579
