seed,sample,ranking_score
1,0,0.4117918945436958
1,1,0.41680218264680047
1,2,0.3932999023987542
1,3,0.3867625493696162
1,4,0.41577039438483876
