seed,sample,ranking_score
1,0,0.664450872742145
1,1,0.6216676030879114
1,2,0.5571334197787063
1,3,0.5403819183369727
1,4,0.5114562645146478
