seed,sample,ranking_score
1,0,0.4904573266183849
1,1,0.529357299380205
1,2,0.4453067305101773
1,3,0.46398137421709806
1,4,0.5575044582533689
