seed,sample,ranking_score
1,0,0.5227372195042314
1,1,0.6066325309849039
1,2,0.564069589466236
1,3,0.557235226720778
1,4,0.5666919119449333
