seed,sample,ranking_score
1,0,0.6745519278639277
1,1,0.6216859646435468
1,2,0.6980835592867646
1,3,0.7104611958051015
1,4,0.6757693026696071
