seed,sample,ranking_score
1,0,0.3815303709750506
1,1,0.3862778201790929
1,2,0.3900951660225316
1,3,0.3800926750090142
1,4,0.38238101825093995
