seed,sample,ranking_score
1,0,0.272195036268445
1,1,0.2646408094053016
1,2,0.3134412651343491
1,3,0.26140363950330325
1,4,0.2712374833772394
