seed,sample,ranking_score
1,0,0.28248674943534957
1,1,0.32563691907486003
1,2,0.29871468632026354
1,3,0.3099473747857755
1,4,0.27626513074882025
