seed,sample,ranking_score
1,0,0.5259058430840831
1,1,0.583521997264742
1,2,0.61020733068087
1,3,0.6044957844980232
1,4,0.5985120506003252
