seed,sample,ranking_score
1,0,0.6432987367432854
1,1,0.6200090350462115
1,2,0.6442994440063033
1,3,0.6698873197350411
1,4,0.671235145410389
