seed,sample,ranking_score
1,0,0.6887225747476967
1,1,0.6240806219343363
1,2,0.7002728973888231
1,3,0.6958311958967336
1,4,0.6673054999504059
