seed,sample,ranking_score
1,0,0.7697969573718823
1,1,0.7007513488274096
1,2,0.7156779041043991
1,3,0.7709682922917792
1,4,0.7470522099321513
