seed,sample,ranking_score
1,0,0.594084705009945
1,1,0.6119049929876166
1,2,0.5954372513281736
1,3,0.6183037858778704
1,4,0.6047532279687488
