seed,sample,ranking_score
1,0,0.4568121738448309
1,1,0.47552297096190754
1,2,0.5980518384699987
1,3,0.5203053838575602
1,4,0.4519995958402402
