seed,sample,ranking_score
1,0,0.5315630843782038
1,1,0.5325840713718284
1,2,0.5322449597095705
1,3,0.5300333290755236
1,4,0.5282181928456418
