seed,sample,ranking_score
1,0,0.6743535458131791
1,1,0.7456366825496537
1,2,0.4667801818704579
1,3,0.5932302574465913
1,4,0.7212845502976621
