seed,sample,ranking_score
1,0,0.8299324321172388
1,1,0.779182217867381
1,2,0.5835724027525586
1,3,0.6527264317765638
1,4,0.792685626565716
