seed,sample,ranking_score
1,0,0.4497304442003399
1,1,0.4728266794053855
1,2,0.3683507334435392
1,3,0.32635915429948026
1,4,0.2971596277771157
