seed,sample,ranking_score
1,0,0.3119457277559677
1,1,0.23546088383237948
1,2,0.2754857865055118
1,3,0.530558857877877
1,4,0.40023389099627893
