seed,sample,ranking_score
1,0,0.7908785986277327
1,1,0.8036197920054288
1,2,0.6078037055255539
1,3,0.6521407491932545
1,4,0.7852304369228722
