seed,sample,ranking_score
1,0,0.4581079234550707
1,1,0.4948452128297014
1,2,0.49682994491398613
1,3,0.47889532953134784
1,4,0.3920942286179657
