seed,sample,ranking_score
1,0,0.5592558632027288
1,1,0.5395320212028023
1,2,0.5821041932346409
1,3,0.5222863228078076
1,4,0.5329233914429286
