seed,sample,ranking_score
1,0,0.5641839831656903
1,1,0.5605948575971997
1,2,0.5602205125627733
1,3,0.5850729183562279
1,4,0.5771095134086348
