seed,sample,ranking_score
1,0,0.623554638803647
1,1,0.7116580409004671
1,2,0.7612122492673593
1,3,0.7707904984408565
1,4,0.7790946612834032
