seed,sample,ranking_score
1,0,0.3970361274222687
1,1,0.5152212118196375
1,2,0.34172284590377316
1,3,0.5175853440759667
1,4,0.5852330955463411
