seed,sample,ranking_score
1,0,0.3376857119708484
1,1,0.2953491681541754
1,2,0.40525042359670754
1,3,0.405274563557642
1,4,0.5687188900609295
