seed,sample,ranking_score
1,0,0.6509283346491441
1,1,0.6626618870319527
1,2,0.5059192767901451
1,3,0.5264985167645996
1,4,0.6158876266501057
