seed,sample,ranking_score
1,0,0.28216610518955954
1,1,0.3490403337303516
1,2,0.42040571505303737
1,3,0.4527149582214048
1,4,0.5052016199611826
