seed,sample,ranking_score
1,0,0.2643023006956495
1,1,0.43604686547665894
1,2,0.3959912951353183
1,3,0.43222748336488437
1,4,0.3958982577799315
