seed,sample,ranking_score
1,0,0.7062190655868466
1,1,0.743367400896205
1,2,0.6856801995224466
1,3,0.6834656617177979
1,4,0.7340250235290533
