seed,sample,ranking_score
1,0,0.32314883491945284
1,1,0.36118273648551413
1,2,0.314761165883672
1,3,0.32330366602215516
1,4,0.3386457128742865
