seed,sample,ranking_score
1,0,0.49471360744621584
1,1,0.5402140629018856
1,2,0.6098646422752629
1,3,0.45266648549254235
1,4,0.6174807972351943
