seed,sample,ranking_score
1,0,0.5031355859431295
1,1,0.5409640094008175
1,2,0.49591622883131603
1,3,0.5247514920771864
1,4,0.5598124209502842
