seed,sample,ranking_score
1,0,0.5387021202511266
1,1,0.47561023337649144
1,2,0.5111131445980182
1,3,0.5016359358608586
1,4,0.5540374306582703
