seed,sample,ranking_score
1,0,0.5217325061017012
1,1,0.5448656617223603
1,2,0.5938117857844484
1,3,0.5480057402898078
1,4,0.5715425744085603
