seed,sample,ranking_score
1,0,0.4585699413034466
1,1,0.45451284694465205
1,2,0.44740724107188323
1,3,0.42724479808135957
1,4,0.4711449779982454
