seed,sample,ranking_score
1,0,0.4575658248905486
1,1,0.4648371904627494
1,2,0.4134040561374283
1,3,0.40028175748576317
1,4,0.43792680166428927
