seed,sample,ranking_score
1,0,0.32330065941964853
1,1,0.3610968205075078
1,2,0.3157609644896413
1,3,0.32309989577994264
1,4,0.3395432350076003
