seed,sample,ranking_score
1,0,0.5150357482070722
1,1,0.7103761382794509
1,2,0.5305459594571339
1,3,0.5083410181939721
1,4,0.5083007393430875
