seed,sample,ranking_score
1,0,0.42889692189598994
1,1,0.4128158696144746
1,2,0.4429998948359138
1,3,0.4013060679849468
1,4,0.4428439517345356
