seed,sample,ranking_score
1,0,0.9073579928006296
1,1,0.9146725847131696
1,2,0.9165063163780589
1,3,0.9084271523177478
1,4,0.9129217730093858
