seed,sample,ranking_score
1,0,0.7314071605887688
1,1,0.7340280982961155
1,2,0.7698717019291268
1,3,0.7591977649879377
1,4,0.7702474327649591
