seed,sample,ranking_score
1,0,0.7989521987402458
1,1,0.8029477671249616
1,2,0.7973533684073427
1,3,0.8080731725534167
1,4,0.8069366941245583
