seed,sample,ranking_score
1,0,0.38176050495989744
1,1,0.3822009653234879
1,2,0.5361340495523886
1,3,0.3797422209076475
1,4,0.5644521644666429
