seed,sample,ranking_score
1,0,0.3941561127974216
1,1,0.42330592158009006
1,2,0.43972810110473826
1,3,0.5923991029862116
1,4,0.37911308071059346
