seed,sample,ranking_score
1,0,0.5613448692651022
1,1,0.46092625752375527
1,2,0.46420470749918835
1,3,0.6041146668266184
1,4,0.388851415961727
