seed,sample,ranking_score
1,0,0.6449844852002492
1,1,0.6558120845577259
1,2,0.6451429723541258
1,3,0.6707045706121777
1,4,0.6461789314146437
