seed,sample,ranking_score
1,0,0.40176629014423026
1,1,0.504641856690808
1,2,0.42749512485713037
1,3,0.5370112690679725
1,4,0.4012066200846587
