seed,sample,ranking_score
1,0,0.4573290528364457
1,1,0.449243335752841
1,2,0.4596035065934792
1,3,0.5412707939943213
1,4,0.3618033109849601
