seed,sample,ranking_score
1,0,0.5089920574854516
1,1,0.46165127815309354
1,2,0.4776908963387918
1,3,0.44222487255984344
1,4,0.47774283781306487
