seed,sample,ranking_score
1,0,0.35963419408364
1,1,0.41032037016332035
1,2,0.47220835142290646
1,3,0.38011475363589126
1,4,0.3915026609916597
