seed,sample,ranking_score
1,0,0.3573266260830795
1,1,0.4886755934297592
1,2,0.36711124285966934
1,3,0.4231767055566923
1,4,0.47564467159597246
