seed,sample,ranking_score
1,0,0.4137661567532894
1,1,0.41479113776181115
1,2,0.45917206848526243
1,3,0.4415275932523436
1,4,0.42589082216458013
