seed,sample,ranking_score
1,0,0.43497964332893757
1,1,0.4316205857881329
1,2,0.43462197581261663
1,3,0.4338177294142665
1,4,0.44011320578802393
