seed,sample,ranking_score
1,0,0.8700999961516186
1,1,0.8803834643896931
1,2,0.8744178817757627
1,3,0.8717278092340898
1,4,0.8773701238739193
