seed,sample,ranking_score
1,0,0.8743161606174698
1,1,0.8704780786483454
1,2,0.8696059516160207
1,3,0.8738433498032082
1,4,0.8805298215305677
