seed,sample,ranking_score
1,0,0.8801696522844369
1,1,0.8860362280635843
1,2,0.8773051291651688
1,3,0.8839225538807244
1,4,0.8833871436269758
