seed,sample,ranking_score
1,0,0.6218927539764462
1,1,0.6280080441009561
1,2,0.6614103053356382
1,3,0.6421313680005349
1,4,0.6438606105870033
