seed,sample,ranking_score
1,0,0.5840514299957502
1,1,0.5951764061945253
1,2,0.5689337063068162
1,3,0.5684257727432752
1,4,0.5643791227652174
