seed,sample,ranking_score
1,0,0.5732999060575132
1,1,0.5806246710337707
1,2,0.6013096391995848
1,3,0.5496569178439638
1,4,0.5835318997698713
