seed,sample,ranking_score
1,0,0.8860308786254415
1,1,0.8925394860827509
1,2,0.8797624262829544
1,3,0.8831169600417584
1,4,0.8859589411296823
