seed,sample,ranking_score
1,0,0.6321092124637011
1,1,0.7083363412792191
1,2,0.6558279717997172
1,3,0.6494378669277808
1,4,0.6481831354082161
