seed,sample,ranking_score
1,0,0.5744200414933699
1,1,0.6107503896132668
1,2,0.5831446570848
1,3,0.5932690552028106
1,4,0.616696000319718
