seed,sample,ranking_score
1,0,0.875819422071168
1,1,0.8832664483469466
1,2,0.8721226290922588
1,3,0.8908143877762645
1,4,0.877339316479823
