seed,sample,ranking_score
1,0,0.5635026399800814
1,1,0.5699623872308665
1,2,0.5341818744272872
1,3,0.5511761144260232
1,4,0.5590463140121683
