seed,sample,ranking_score
1,0,0.5977795234648416
1,1,0.5963057896834753
1,2,0.5906682489164243
1,3,0.5926193010392483
1,4,0.5726176307308551
