seed,sample,ranking_score
1,0,0.718826026737996
1,1,0.6670369315947711
1,2,0.6497089449210277
1,3,0.6916058236168224
1,4,0.6778028464259727
