seed,sample,ranking_score
1,0,0.572107088716643
1,1,0.5804229857397528
1,2,0.552523352889361
1,3,0.5741373342200042
1,4,0.5728979882431662
