seed,sample,ranking_score
1,0,0.4148504807294897
1,1,0.40314421348092755
1,2,0.42126100759231766
1,3,0.3232846650689906
1,4,0.4128045759778705
