seed,sample,ranking_score
1,0,0.7499494249504616
1,1,0.7636167402460297
1,2,0.7430849040279195
1,3,0.6239766749955585
1,4,0.7517498149924182
