seed,sample,ranking_score
1,0,0.5767681295722066
1,1,0.6058767021097674
1,2,0.5942588943772392
1,3,0.5916223467878623
1,4,0.5933324245848782
