seed,sample,ranking_score
1,0,0.24740710725388027
1,1,0.27212518174026185
1,2,0.2752104672011468
1,3,0.2367859713473281
1,4,0.24949212557494263
