seed,sample,ranking_score
1,0,0.386097280156623
1,1,0.3937795345614843
1,2,0.396368050235612
1,3,0.3897035324534905
1,4,0.39959924711325456
