seed,sample,ranking_score
1,0,0.5611411770460941
1,1,0.6115183971377159
1,2,0.5731108570860978
1,3,0.5922251494736558
1,4,0.5690015864986584
