seed,sample,ranking_score
1,0,0.812006357429501
1,1,0.881527498269214
1,2,0.7706381861223233
1,3,0.8909627055892304
1,4,0.8914108247441572
