seed,sample,ranking_score
1,0,0.44835805495080605
1,1,0.5478390509853339
1,2,0.5341003899523412
1,3,0.6763173949540832
1,4,0.4654538689127489
