seed,sample,ranking_score
1,0,0.731892430998732
1,1,0.7516991794005775
1,2,0.7688591578244148
1,3,0.7861787693232357
1,4,0.795015618645214
