seed,sample,ranking_score
1,0,0.4383828800278219
1,1,0.4345933881748889
1,2,0.44516465121778626
1,3,0.4651628165055322
1,4,0.4296171383372791
