seed,sample,ranking_score
1,0,0.6376742199407754
1,1,0.7261534065973955
1,2,0.6929091706991317
1,3,0.7076558972629557
1,4,0.7328493427092162
