seed,sample,ranking_score
1,0,0.37193371060967184
1,1,0.6294839238417824
1,2,0.6730209849179457
1,3,0.5754404395239145
1,4,0.6282235391817292
