seed,sample,ranking_score
1,0,0.46595788007214034
1,1,0.7397905940111966
1,2,0.7200925514215801
1,3,0.663674707132383
1,4,0.7474031428707688
