seed,sample,ranking_score
1,0,0.5885926649754685
1,1,0.7081243938589729
1,2,0.6968951113376134
1,3,0.7034342884314674
1,4,0.6605453328050808
