seed,sample,ranking_score
1,0,0.4064827192827325
1,1,0.7553037338578679
1,2,0.6850443006193496
1,3,0.6403943985000944
1,4,0.46928493305072383
