seed,sample,ranking_score
1,0,0.6944276705928165
1,1,0.7438279178343498
1,2,0.7150470843889718
1,3,0.6737892030336776
1,4,0.7596758249444655
