seed,sample,ranking_score
1,0,0.5607225815937472
1,1,0.7006394253634861
1,2,0.6498036396418421
1,3,0.7123280687895075
1,4,0.6493375032562598
