seed,sample,ranking_score
1,0,0.7055715373956855
1,1,0.6420424982831067
1,2,0.6584328086972728
1,3,0.658127444799862
1,4,0.7374178763008237
