seed,sample,ranking_score
1,0,0.8118568774459543
1,1,0.81115698906344
1,2,0.809835757383419
1,3,0.8144895326488266
1,4,0.8101080878122432
