seed,sample,ranking_score
1,0,0.3537185521202537
1,1,0.37466245687127275
1,2,0.37968486112958566
1,3,0.3904124251285899
1,4,0.3675165464109403
