seed,sample,ranking_score
1,0,0.5147464944987276
1,1,0.6107513973271395
1,2,0.560389838064473
1,3,0.5420191183650874
1,4,0.5579786525267842
