seed,sample,ranking_score
1,0,0.6424980162825442
1,1,0.6275723716663977
1,2,0.6380203722756577
1,3,0.6380514650794256
1,4,0.6328474725435154
