seed,sample,ranking_score
1,0,0.4407829376328881
1,1,0.4739175403530384
1,2,0.46978956628023955
1,3,0.5428685304309585
1,4,0.5509929502234863
