seed,sample,ranking_score
1,0,0.5601641367565637
1,1,0.2809215883732503
1,2,0.5469077322979364
1,3,0.5123704190063919
1,4,0.5578661990607265
