seed,sample,ranking_score
1,0,0.5409188652609976
1,1,0.47998888579856874
1,2,0.5366367127341438
1,3,0.4293664828812476
1,4,0.3994615458422439
