seed,sample,ranking_score
1,0,0.6489946806869789
1,1,0.6672229272877007
1,2,0.6538163190360902
1,3,0.6607768125264551
1,4,0.6655654820558116
