seed,sample,ranking_score
1,0,0.5309265367257323
1,1,0.5526366842670234
1,2,0.532592005984571
1,3,0.5386530194833721
1,4,0.537015545574163
