seed,sample,ranking_score
1,0,0.6216934192908101
1,1,0.6449754615142674
1,2,0.632663459820821
1,3,0.6378103872456944
1,4,0.6056048128290883
