seed,sample,ranking_score
1,0,0.45043129212597477
1,1,0.4950341020275037
1,2,0.47167780958288796
1,3,0.5370160548735186
1,4,0.5559110823532264
