seed,sample,ranking_score
1,0,0.8916253147413868
1,1,0.5891452765937781
1,2,0.8722137107118784
1,3,0.8255943173729228
1,4,0.46907680261946894
