seed,sample,ranking_score
1,0,0.5119028966427804
1,1,0.505080606361988
1,2,0.47605532401239314
1,3,0.5272456435402313
1,4,0.46340701692092356
