seed,sample,ranking_score
1,0,0.3824846585529507
1,1,0.46790766009953183
1,2,0.3911186067487311
1,3,0.3892518362415607
1,4,0.4929472506496493
