seed,sample,ranking_score
1,0,0.8431169633696137
1,1,0.8078212666176899
1,2,0.8379489479894469
1,3,0.8460458003905079
1,4,0.8115216064527346
