seed,sample,ranking_score
1,0,0.5681564619053904
1,1,0.5632183701579939
1,2,0.6293624642227357
1,3,0.5764153205530758
1,4,0.576286758280454
