seed,sample,ranking_score
1,0,0.8065166908232124
1,1,0.8069134832064307
1,2,0.8079822452335872
1,3,0.8117266675436307
1,4,0.8097889461860149
