seed,sample,ranking_score
1,0,0.8757443423076977
1,1,0.8765990663837137
1,2,0.8762706876605262
1,3,0.8768690231537418
1,4,0.8780787165253424
