seed,sample,ranking_score
1,0,0.5795086685983627
1,1,0.5596748733437371
1,2,0.6095680107841837
1,3,0.6197090295128613
1,4,0.5387326581744887
