seed,sample,ranking_score
1,0,0.5787915355424597
1,1,0.6445817390743741
1,2,0.5780813846124847
1,3,0.6404269836333971
1,4,0.5684815885387651
