seed,sample,ranking_score
1,0,0.8796780066346161
1,1,0.8743429435347545
1,2,0.8721610032212619
1,3,0.8773200070102991
1,4,0.8743200616242955
