seed,sample,ranking_score
1,0,0.9156428673900399
1,1,0.917237908430891
1,2,0.9164742823792673
1,3,0.9157496057409756
1,4,0.9098882039968286
