seed,sample,ranking_score
1,0,0.8671119612376404
1,1,0.8721580021176876
1,2,0.8775807129883288
1,3,0.8722493706323081
1,4,0.8686106323798379
