seed,sample,ranking_score
1,0,0.6171260499013873
1,1,0.5665925458834004
1,2,0.5940472672292726
1,3,0.59059475487973
1,4,0.5740987104732823
