seed,sample,ranking_score
1,0,0.39452089654953393
1,1,0.39077306585060606
1,2,0.42408216870134513
1,3,0.5901540394765306
1,4,0.3827308601947644
