seed,sample,ranking_score
1,0,0.5599026483462245
1,1,0.5572410850984091
1,2,0.7834086421752309
1,3,0.4521758318071702
1,4,0.6029413552728528
