seed,sample,ranking_score
1,0,0.5902621568825452
1,1,0.5936853892712186
1,2,0.5098593232384322
1,3,0.5688589681171753
1,4,0.49722810122259276
