seed,sample,ranking_score
1,0,0.5794159017212764
1,1,0.4955279040649782
1,2,0.5981808999249135
1,3,0.37523865255757993
1,4,0.455738809470835
