seed,sample,ranking_score
1,0,0.5686224413973728
1,1,0.5452428757426954
1,2,0.6020527591038631
1,3,0.5827333502881102
1,4,0.5010495992992565
