seed,sample,ranking_score
1,0,0.6237083454233799
1,1,0.6180455823052652
1,2,0.6816561992868032
1,3,0.7029263108187705
1,4,0.6354379226058001
