seed,sample,ranking_score
1,0,0.5733930691322218
1,1,0.5645718416926739
1,2,0.5367205897130097
1,3,0.5506993943198794
1,4,0.5450188965848881
