seed,sample,ranking_score
1,0,0.34759660293107764
1,1,0.3419799134583111
1,2,0.33366217203870135
1,3,0.3706703640108717
1,4,0.38962945387405223
