seed,sample,ranking_score
1,0,0.545883075115254
1,1,0.5342155611910111
1,2,0.49096200196964973
1,3,0.5754531656468032
1,4,0.5297145972213688
