seed,sample,ranking_score
1,0,0.47059573691490436
1,1,0.48706415853121826
1,2,0.49036281335203563
1,3,0.4951922535346088
1,4,0.47709330464068855
