seed,sample,ranking_score
1,0,0.5699570037066757
1,1,0.576873915292966
1,2,0.6040104407261727
1,3,0.5805163361152581
1,4,0.5035665169872073
