seed,sample,ranking_score
1,0,0.3468495565598596
1,1,0.35095749625968875
1,2,0.34092133794745005
1,3,0.349441585568172
1,4,0.3662938956178202
