seed,sample,ranking_score
1,0,0.5677321833860625
1,1,0.5488409210624764
1,2,0.6368687679557055
1,3,0.547828273053341
1,4,0.6110521774884388
