seed,sample,ranking_score
1,0,0.5976607986778868
1,1,0.5805972300632924
1,2,0.7214198972896104
1,3,0.43934545405930003
1,4,0.6159908291313929
