seed,sample,ranking_score
1,0,0.5912850468693832
1,1,0.5879007772613676
1,2,0.598060080011462
1,3,0.6292092054383199
1,4,0.651626781219029
