seed,sample,ranking_score
1,0,0.566857750431339
1,1,0.51457477774061
1,2,0.5234284167773182
1,3,0.36376382538224783
1,4,0.5744056737897367
