seed,sample,ranking_score
1,0,0.4727201600678123
1,1,0.5488125151549089
1,2,0.5334192086516648
1,3,0.5108019791259185
1,4,0.536416931126256
