seed,sample,ranking_score
1,0,0.4871361936035581
1,1,0.5112163971856405
1,2,0.561817619597512
1,3,0.5173346058866694
1,4,0.5237726668120637
