seed,sample,ranking_score
1,0,0.4737720665639108
1,1,0.5185128065092135
1,2,0.5746421652112376
1,3,0.5113198135044963
1,4,0.5244243725559583
