seed,sample,ranking_score
1,0,0.5520493093434283
1,1,0.31108166729433007
1,2,0.5416887816678497
1,3,0.5293532058387451
1,4,0.5796051021868756
