seed,sample,ranking_score
1,0,0.6914073035346873
1,1,0.6046441018749028
1,2,0.4991621667460965
1,3,0.6073505818598376
1,4,0.7006450358142724
