seed,sample,ranking_score
1,0,0.4262935495146696
1,1,0.378346531062945
1,2,0.5335489800968338
1,3,0.5209403241250082
1,4,0.44691576117178816
