seed,sample,ranking_score
1,0,0.6198004487412315
1,1,0.49693234447779455
1,2,0.5206754369662351
1,3,0.3869866832783502
1,4,0.7381254253430977
