seed,sample,ranking_score
1,0,0.5023204643703343
1,1,0.49977182019816513
1,2,0.8534526816175085
1,3,0.6149013791254122
1,4,0.8990155725362989
