seed,sample,ranking_score
1,0,0.47487553928051196
1,1,0.45378476558798597
1,2,0.49971662246434206
1,3,0.43086956292612266
1,4,0.5032146118320122
