seed,sample,ranking_score
1,0,0.553740688417415
1,1,0.4519644713317832
1,2,0.5476222313758115
1,3,0.5483632960290798
1,4,0.5743880424945025
