seed,sample,ranking_score
1,0,0.38906505199439595
1,1,0.3648120216418448
1,2,0.5362428710430662
1,3,0.35995200782280823
1,4,0.3951654325022274
