seed,sample,ranking_score
1,0,0.47085124677003165
1,1,0.4685776449441765
1,2,0.535900662046162
1,3,0.529984158546524
1,4,0.5591186264547805
