seed,sample,ranking_score
1,0,0.4678318241790538
1,1,0.6236462561451706
1,2,0.412601467426241
1,3,0.735183374260808
1,4,0.5282707584817552
