seed,sample,ranking_score
1,0,0.4114791518672931
1,1,0.439956034588162
1,2,0.45552513394353167
1,3,0.5051783862696448
1,4,0.5080233357945099
