seed,sample,ranking_score
1,0,0.5315612128414905
1,1,0.5328323621704842
1,2,0.5305698844089954
1,3,0.5306754896833639
1,4,0.5319425175995268
