seed,sample,ranking_score
1,0,0.6997179895767675
1,1,0.4521907652319914
1,2,0.46504380745225565
1,3,0.6805723578435183
1,4,0.693041934883671
