seed,sample,ranking_score
1,0,0.38088331551008814
1,1,0.361060376214581
1,2,0.38529639923717085
1,3,0.3838307820905573
1,4,0.3823801057528675
