seed,sample,ranking_score
1,0,0.771436631352257
1,1,0.7651796867495623
1,2,0.7681676187485084
1,3,0.7669972617636602
1,4,0.7660560261502729
