seed,sample,ranking_score
1,0,0.5147414187174414
1,1,0.5473786313346853
1,2,0.5083803382866539
1,3,0.4927185196761517
1,4,0.5025215940378928
