seed,sample,ranking_score
1,0,0.5398657439583178
1,1,0.5458675813049638
1,2,0.5831781133006362
1,3,0.5375963264008143
1,4,0.5434565607683488
