seed,sample,ranking_score
1,0,0.4986912700310903
1,1,0.4945189511913469
1,2,0.43595425804579196
1,3,0.41299916103860423
1,4,0.478187419141742
