seed,sample,ranking_score
1,0,0.7553846901478156
1,1,0.7257881239905839
1,2,0.7187445113257666
1,3,0.7242776045391867
1,4,0.7258603161429172
