seed,sample,ranking_score
1,0,0.6581038165167669
1,1,0.6601535465287884
1,2,0.6569249668323573
1,3,0.6570628868825836
1,4,0.6328771378208311
