seed,sample,ranking_score
1,0,0.45813578625144447
1,1,0.4638214634701435
1,2,0.5230826718596915
1,3,0.46765581536669854
1,4,0.4897313185023714
