seed,sample,ranking_score
1,0,0.3964419347491524
1,1,0.3815320539480898
1,2,0.3969801147239351
1,3,0.3557246724647798
1,4,0.37267845002527783
