seed,sample,ranking_score
1,0,0.5956694205080277
1,1,0.6315402471573948
1,2,0.6250969456156019
1,3,0.635662308725731
1,4,0.6234024751178839
