seed,sample,ranking_score
1,0,0.28679757167974645
1,1,0.29436916269369573
1,2,0.2931891088634568
1,3,0.25992330095820126
1,4,0.30601561628613383
