seed,sample,ranking_score
1,0,0.5903526061050278
1,1,0.5955696317371395
1,2,0.5871371778106202
1,3,0.5818890492337243
1,4,0.5777660846751055
