seed,sample,ranking_score
1,0,0.5584039524985474
1,1,0.5688313287649235
1,2,0.5706977255908882
1,3,0.5832237037272154
1,4,0.5578138561474105
