seed,sample,ranking_score
1,0,0.45095609496181477
1,1,0.4625218322665002
1,2,0.4524442496671184
1,3,0.49437836524773493
1,4,0.47557199033472886
