seed,sample,ranking_score
1,0,0.5838574944870095
1,1,0.6132588300801272
1,2,0.6067395868396169
1,3,0.6128169762753939
1,4,0.5705815599506451
