seed,sample,ranking_score
1,0,0.3744823961084319
1,1,0.3300998220406832
1,2,0.2900782685365935
1,3,0.30256352591919305
1,4,0.3517942057780968
