seed,sample,ranking_score
1,0,0.5471060801759273
1,1,0.5758002192010011
1,2,0.563935804917256
1,3,0.5558551657109018
1,4,0.5519325185798817
