seed,sample,ranking_score
1,0,0.3606486336590773
1,1,0.42465681341858497
1,2,0.38225311789912525
1,3,0.42012910168656303
1,4,0.32083478496198736
