seed,sample,ranking_score
1,0,0.3557198083703724
1,1,0.36542471646790015
1,2,0.2567302461084987
1,3,0.3504322162078112
1,4,0.3278199380335403
