seed,sample,ranking_score
1,0,0.3981710575627272
1,1,0.4011274472965702
1,2,0.3855547215828564
1,3,0.3947689281817355
1,4,0.38918393506492743
