seed,sample,ranking_score
1,0,0.591033657475134
1,1,0.6494216154018548
1,2,0.4885823611852754
1,3,0.7783074021235068
1,4,0.8651735878062037
