seed,sample,ranking_score
1,0,0.560156430185465
1,1,0.5466418987345634
1,2,0.5867757448452455
1,3,0.5329429727013377
1,4,0.5320696140253512
