seed,sample,ranking_score
1,0,0.6983417312924112
1,1,0.8387967729840875
1,2,0.4185227797152469
1,3,0.5638349152174147
1,4,0.6923266963082688
