seed,sample,ranking_score
1,0,0.8606219563663016
1,1,0.6244377299412114
1,2,0.6355603956266543
1,3,0.6253519042389872
1,4,0.8420858668429498
