seed,sample,ranking_score
1,0,0.41247721336452586
1,1,0.41326827932680105
1,2,0.38041498492052234
1,3,0.4067072014380876
1,4,0.40796600780393827
