seed,sample,ranking_score
1,0,0.5377714289815487
1,1,0.5864820877852546
1,2,0.5355114583348916
1,3,0.6226264219188855
1,4,0.6408202703597211
