seed,sample,ranking_score
1,0,0.8308763529090752
1,1,0.7587556930388062
1,2,0.5836175393904361
1,3,0.6592800334032682
1,4,0.8172719748638841
