seed,sample,ranking_score
1,0,0.6050772895716241
1,1,0.6976083177279486
1,2,0.6209301843531945
1,3,0.7445396764692165
1,4,0.6874815577448975
