seed,sample,ranking_score
1,0,0.7569282272869621
1,1,0.8048749053277406
1,2,0.6002861985538155
1,3,0.6291575326231311
1,4,0.6528585806842766
