seed,sample,ranking_score
1,0,0.40936304271037116
1,1,0.3576429640232476
1,2,0.4044888408156845
1,3,0.37159315141247284
1,4,0.36506801071148653
