seed,sample,ranking_score
1,0,0.2637131709846668
1,1,0.43346653530905244
1,2,0.4185981779434246
1,3,0.43130837591924454
1,4,0.3962788168690338
