seed,sample,ranking_score
1,0,0.3846544790225421
1,1,0.4120703459050966
1,2,0.379405019605171
1,3,0.39779952456157797
1,4,0.3923624082210705
