seed,sample,ranking_score
1,0,0.5236998446920215
1,1,0.6512658447943765
1,2,0.5657625955595438
1,3,0.6078411347525953
1,4,0.6660032532587785
