seed,sample,ranking_score
1,0,0.5443821592532163
1,1,0.6393113598560116
1,2,0.5380824513581994
1,3,0.3223081301557317
1,4,0.6460013062717156
