seed,sample,ranking_score
1,0,0.42308931591415744
1,1,0.4096622433047955
1,2,0.41834812444215674
1,3,0.5750324360818617
1,4,0.3850127589600486
