seed,sample,ranking_score
1,0,0.6248143352858349
1,1,0.6857214637539828
1,2,0.6261970048798329
1,3,0.6483674137921129
1,4,0.6894025690305097
