seed,sample,ranking_score
1,0,0.7000632109200835
1,1,0.6911076316706317
1,2,0.6692205086219772
1,3,0.6956551095026822
1,4,0.6673916247146792
