seed,sample,ranking_score
1,0,0.49115935226113344
1,1,0.5201017624328403
1,2,0.5143870654608416
1,3,0.5257597526272214
1,4,0.5061733191040626
