seed,sample,ranking_score
1,0,0.4464871770931989
1,1,0.4000293122156243
1,2,0.48418375895252735
1,3,0.46739955757938445
1,4,0.4756296091390362
