seed,sample,ranking_score
1,0,0.4779695828945041
1,1,0.48795115011058376
1,2,0.5316535117177155
1,3,0.49230452095731686
1,4,0.49811256542168525
