seed,sample,ranking_score
1,0,0.47741145718988554
1,1,0.49173161241879115
1,2,0.4724427928922352
1,3,0.4923814286904118
1,4,0.5036276124214473
