seed,sample,ranking_score
1,0,0.4636067436646096
1,1,0.46727722304793673
1,2,0.43484767476396546
1,3,0.48557012514776565
1,4,0.39319686277014854
