seed,sample,ranking_score
1,0,0.5614117580327043
1,1,0.5951398935481133
1,2,0.5802012271779424
1,3,0.6017142363769176
1,4,0.5547133533309774
