seed,sample,ranking_score
1,0,0.6888786109513065
1,1,0.6316826540560775
1,2,0.6684219878272663
1,3,0.6105607696457668
1,4,0.6708196308964146
