seed,sample,ranking_score
1,0,0.7328391200546884
1,1,0.7276345010884953
1,2,0.7271574320310458
1,3,0.7875336870103141
1,4,0.7880951888615308
