seed,sample,ranking_score
1,0,0.3628803165688255
1,1,0.37521027930963
1,2,0.37525139559266313
1,3,0.3676414758612885
1,4,0.3761708997097093
