seed,sample,ranking_score
1,0,0.5820842480288105
1,1,0.6018051549426248
1,2,0.5706533462935875
1,3,0.5726089706518783
1,4,0.6340654929471509
