seed,sample,ranking_score
1,0,0.5361322688129649
1,1,0.530749849222625
1,2,0.5361539800713571
1,3,0.5617140292488336
1,4,0.5462459654169299
