seed,sample,ranking_score
1,0,0.8119465066494845
1,1,0.8814956057928823
1,2,0.7708071982856597
1,3,0.8917461928121792
1,4,0.8909768636816756
