seed,sample,ranking_score
1,0,0.42586067794333066
1,1,0.40834557426074547
1,2,0.4150926863520404
1,3,0.38198113155756674
1,4,0.40600932467770773
