seed,sample,ranking_score
1,0,0.3622567695005491
1,1,0.48828849620285203
1,2,0.49324010562552423
1,3,0.46973906942391797
1,4,0.6047053036513953
