seed,sample,ranking_score
1,0,0.7724497086904509
1,1,0.6706317874350196
1,2,0.5303089246577627
1,3,0.7508021487561949
1,4,0.8283220746018249
