seed,sample,ranking_score
1,0,0.6531369163574111
1,1,0.705132223467434
1,2,0.6463515589864656
1,3,0.6451521431997453
1,4,0.6363959129350965
