seed,sample,ranking_score
1,0,0.4907874931820079
1,1,0.7810251458062064
1,2,0.8605509019341113
1,3,0.7823901605826856
1,4,0.7372047482080499
