seed,sample,ranking_score
1,0,0.5393306969229801
1,1,0.36458817731748894
1,2,0.3783549895574526
1,3,0.36778254761413665
1,4,0.3502777058100318
