seed,sample,ranking_score
1,0,0.5635298205335042
1,1,0.3682994146977464
1,2,0.5801428617222968
1,3,0.35506585858364403
1,4,0.42071682506081576
