seed,sample,ranking_score
1,0,0.42622936081786333
1,1,0.41275147675193136
1,2,0.4092184226919178
1,3,0.4085182718478719
1,4,0.4042686739280323
