seed,sample,ranking_score
1,0,0.596791125288874
1,1,0.7233278059586714
1,2,0.7137800088684128
1,3,0.6877438694172375
1,4,0.7801682661271367
