seed,sample,ranking_score
1,0,0.6853673465213412
1,1,0.7061905777822257
1,2,0.7351138089038383
1,3,0.7104174947896243
1,4,0.6809656362453794
