seed,sample,ranking_score
1,0,0.7353229583767292
1,1,0.7491997411567392
1,2,0.7371994507238544
1,3,0.7483753855385054
1,4,0.7305271897850497
