seed,sample,ranking_score
1,0,0.4648823020147854
1,1,0.4148889488700592
1,2,0.3587531058060071
1,3,0.41177876268544117
1,4,0.3744352670702025
