seed,sample,ranking_score
1,0,0.7554980921095711
1,1,0.7689425513722616
1,2,0.7666615427893301
1,3,0.7674194988079185
1,4,0.6904459514574356
