seed,sample,ranking_score
1,0,0.4280883230621144
1,1,0.41255248631423386
1,2,0.4086711369828624
1,3,0.4098557152226486
1,4,0.4077995554815283
