seed,sample,ranking_score
1,0,0.6625453348691642
1,1,0.7161447474658724
1,2,0.7225856341044756
1,3,0.6985110918196287
1,4,0.6588555255104319
