seed,sample,ranking_score
1,0,0.7635096648480524
1,1,0.7776327761474815
1,2,0.7843189126043936
1,3,0.774338492996221
1,4,0.777233055478733
