seed,sample,ranking_score
1,0,0.8001215331195208
1,1,0.7916710223536887
1,2,0.7973669554566172
1,3,0.7987020657234722
1,4,0.7941444422581228
