seed,sample,ranking_score
1,0,0.5014896036956931
1,1,0.5244575489155322
1,2,0.5202866653160775
1,3,0.5244205254496098
1,4,0.5279830377080826
