seed,sample,ranking_score
1,0,0.4779087516704816
1,1,0.4729339200100301
1,2,0.46286956837107335
1,3,0.47884000790418335
1,4,0.46673114162740276
