seed,sample,ranking_score
1,0,0.7997070393012004
1,1,0.8076923566935028
1,2,0.7994941546461042
1,3,0.7986025538617191
1,4,0.8042973106354955
