seed,sample,ranking_score
1,0,0.7743641391946167
1,1,0.7759563514039831
1,2,0.7804216255240276
1,3,0.767797611160643
1,4,0.7705904448273279
