seed,sample,ranking_score
1,0,0.7881513137736387
1,1,0.7831514404009509
1,2,0.7969568072864035
1,3,0.7883023300884464
1,4,0.7896365760879522
