seed,sample,ranking_score
1,0,0.7765218410599557
1,1,0.7749239985644735
1,2,0.7817351817056117
1,3,0.7746959711925197
1,4,0.777158177894679
