seed,sample,ranking_score
1,0,0.5156356671195248
1,1,0.647020310074865
1,2,0.5667892775347041
1,3,0.5018360252787037
1,4,0.48689243374484287
