seed,sample,ranking_score
1,0,0.796402084095216
1,1,0.7974494208365759
1,2,0.8029690615168403
1,3,0.8016361804898694
1,4,0.8004942907829814
