seed,sample,ranking_score
1,0,0.7811932715236728
1,1,0.7985563224329052
1,2,0.7944891948611914
1,3,0.7986301090094858
1,4,0.7904881555950497
