seed,sample,ranking_score
1,0,0.8153521152755994
1,1,0.8141992859465547
1,2,0.8223330443846089
1,3,0.8193179864767798
1,4,0.819371798212351
