seed,sample,ranking_score
1,0,0.6793456978879765
1,1,0.6666880718552481
1,2,0.6468361533598368
1,3,0.6511815246578357
1,4,0.6688362575457423
