seed,sample,ranking_score
1,0,0.5912387064065073
1,1,0.633576114205223
1,2,0.6084100325613199
1,3,0.6610994129875637
1,4,0.6346026674472561
