seed,sample,ranking_score
1,0,0.7941350261371124
1,1,0.7929327024181956
1,2,0.7932966664173939
1,3,0.7923013237487908
1,4,0.792129483557926
