seed,sample,ranking_score
1,0,0.3764941335196203
1,1,0.33905034745709894
1,2,0.3370291616697991
1,3,0.6563267456482641
1,4,0.49331135190565395
