seed,sample,ranking_score
1,0,0.48382076850403855
1,1,0.46872066867861556
1,2,0.4780281789381314
1,3,0.4548895329134459
1,4,0.44157539077129093
