seed,sample,ranking_score
1,0,0.4328743004353516
1,1,0.5817332362773513
1,2,0.4412677819348514
1,3,0.4601035656831946
1,4,0.6424771262149798
