seed,sample,ranking_score
1,0,0.4355053652637433
1,1,0.8086608297235514
1,2,0.45427100309462143
1,3,0.4426973836153091
1,4,0.4935991685993639
