seed,sample,ranking_score
1,0,0.5250652541959594
1,1,0.5592285575611735
1,2,0.5278381537178146
1,3,0.60747629518597
1,4,0.47556141135015906
