seed,sample,ranking_score
1,0,0.4031302715170273
1,1,0.514752521858394
1,2,0.529022050177099
1,3,0.5111418125697637
1,4,0.5041081762174819
