seed,sample,ranking_score
1,0,0.34174853197038607
1,1,0.33721762745048317
1,2,0.285329997210472
1,3,0.3718890445394304
1,4,0.34529018084799884
