seed,sample,ranking_score
1,0,0.728482957611772
1,1,0.30933054703345536
1,2,0.6095167927161802
1,3,0.7087023867535034
1,4,0.7999582849937514
