seed,sample,ranking_score
1,0,0.47463141468877945
1,1,0.6066996206705533
1,2,0.40662815753807113
1,3,0.5437202473562488
1,4,0.488695732128411
