seed,sample,ranking_score
1,0,0.6379135012104548
1,1,0.620587525181654
1,2,0.6359091295488294
1,3,0.6319018584014845
1,4,0.6064346343262403
