seed,sample,ranking_score
1,0,0.6129430378110545
1,1,0.4330875247439399
1,2,0.531718993819157
1,3,0.6221560009194997
1,4,0.48231162849153236
