seed,sample,ranking_score
1,0,0.3886016459765578
1,1,0.43129494780587585
1,2,0.4440462496527728
1,3,0.49893129688838067
1,4,0.35591681355731036
