seed,sample,ranking_score
1,0,0.39724004054914225
1,1,0.8161740476113106
1,2,0.3367684998994001
1,3,0.5161722212687552
1,4,0.4446567505241134
