seed,sample,ranking_score
1,0,0.4127511071798544
1,1,0.34478320932040873
1,2,0.2988689229675485
1,3,0.3732852751004672
1,4,0.2795889910591426
