seed,sample,ranking_score
1,0,0.5635088780834757
1,1,0.5667932339750167
1,2,0.5886448338320034
1,3,0.601874596235391
1,4,0.5475716358517138
