seed,sample,ranking_score
1,0,0.5043350186291973
1,1,0.4665883699936013
1,2,0.48045914949061475
1,3,0.47801239546832053
1,4,0.5002008277250951
