seed,sample,ranking_score
1,0,0.4213162923953037
1,1,0.42812119156061684
1,2,0.4547434496581387
1,3,0.44059671136923684
1,4,0.46216080682892335
