seed,sample,ranking_score
1,0,0.6383527622811143
1,1,0.6439738512972644
1,2,0.6907012842524991
1,3,0.6610810653387278
1,4,0.6447785547525363
