seed,sample,ranking_score
1,0,0.5713876445345565
1,1,0.5635242304401462
1,2,0.568724556650094
1,3,0.587510026200477
1,4,0.5469270742263773
