seed,sample,ranking_score
1,0,0.44837189603282906
1,1,0.453689210573416
1,2,0.4385041062368445
1,3,0.4435607830117464
1,4,0.3789474949840812
