seed,sample,ranking_score
1,0,0.5175134873004195
1,1,0.4937202531104473
1,2,0.5095641760527722
1,3,0.5339841407153979
1,4,0.5116869948328712
