seed,sample,ranking_score
1,0,0.3989425066163335
1,1,0.41607276315333325
1,2,0.38338157421478913
1,3,0.3868917081466532
1,4,0.4021110653363424
