seed,sample,ranking_score
1,0,0.44156732837157664
1,1,0.4689344950740288
1,2,0.4487725249275183
1,3,0.4427486542125606
1,4,0.45730008020012125
