seed,sample,ranking_score
1,0,0.6863533909698236
1,1,0.5559282282363577
1,2,0.6811817331854778
1,3,0.667417915590692
1,4,0.6003908691146999
