seed,sample,ranking_score
1,0,0.700666700993517
1,1,0.666108324000199
1,2,0.687397070370707
1,3,0.6687933269808449
1,4,0.6608833125668815
