seed,sample,ranking_score
1,0,0.5772618448792468
1,1,0.5147232493303555
1,2,0.5991939653995506
1,3,0.6224947918065407
1,4,0.5670973757593466
