seed,sample,ranking_score
1,0,0.7984641484373417
1,1,0.7954136250644191
1,2,0.7992801212465249
1,3,0.8073973067730214
1,4,0.7931730896567454
