seed,sample,ranking_score
1,0,0.6497791173523924
1,1,0.6342951238359993
1,2,0.6490483313321092
1,3,0.6258607398742212
1,4,0.6516283876360203
