seed,sample,ranking_score
1,0,0.4429611893881705
1,1,0.4528524793758732
1,2,0.4636350737233968
1,3,0.46028350392507006
1,4,0.44901586292746953
