seed,sample,ranking_score
1,0,0.585193293205631
1,1,0.5133751483767851
1,2,0.6098044939510517
1,3,0.6463509179941479
1,4,0.5504496387556232
