seed,sample,ranking_score
1,0,0.47070204740450455
1,1,0.47330606904033273
1,2,0.47935316982137954
1,3,0.5103358563168581
1,4,0.4565600940901991
