seed,sample,ranking_score
1,0,0.3689269359277302
1,1,0.4363003131434418
1,2,0.3985205887243459
1,3,0.3675381990779014
1,4,0.3718548004859476
