seed,sample,ranking_score
1,0,0.3558002472010317
1,1,0.34980605361465944
1,2,0.32821476319694465
1,3,0.37930998318747894
1,4,0.421350047995103
