seed,sample,ranking_score
1,0,0.6053553462088758
1,1,0.6685543512507656
1,2,0.3941884838105741
1,3,0.6405661244354343
1,4,0.3458067046063852
