seed,sample,ranking_score
1,0,0.5336516639317366
1,1,0.5784707039606527
1,2,0.5112063070876763
1,3,0.6021923965028542
1,4,0.585653973066262
