seed,sample,ranking_score
1,0,0.35665761568569315
1,1,0.4772898589677139
1,2,0.3672283146604181
1,3,0.423026394066809
1,4,0.46648632723651123
