seed,sample,ranking_score
1,0,0.4021545279103654
1,1,0.6382099077909631
1,2,0.4721821568732122
1,3,0.39249179540430623
1,4,0.4817939212817386
