seed,sample,ranking_score
1,0,0.3587855593701141
1,1,0.5109553120715689
1,2,0.40294148633427046
1,3,0.33081209929644234
1,4,0.5993821745223471
