seed,sample,ranking_score
1,0,0.35428203106788847
1,1,0.4276904569402447
1,2,0.3865281184733333
1,3,0.3795137017037184
1,4,0.3958432380945622
