seed,sample,ranking_score
1,0,0.3977945853126279
1,1,0.4831159822766842
1,2,0.366235803574348
1,3,0.33204257352600436
1,4,0.41114185451444085
