seed,sample,ranking_score
1,0,1.138464906293737
1,1,1.0727315024780573
1,2,1.067962824353432
1,3,1.1362661122366804
1,4,1.0710736927303326
