seed,sample,ranking_score
1,0,0.595558058061709
1,1,0.5149101269415384
1,2,0.4792663666802952
1,3,0.6430549142146995
1,4,0.40460512149616523
