seed,sample,ranking_score
1,0,0.44085157071692105
1,1,0.5781455343487096
1,2,0.4728465089070505
1,3,0.46575376992535966
1,4,0.5296418598225725
