seed,sample,ranking_score
1,0,0.4283261225226035
1,1,0.6172603172311886
1,2,0.4858676206650315
1,3,0.39677624508518616
1,4,0.4919092191102379
