seed,sample,ranking_score
1,0,0.3920049175734291
1,1,0.36941620993935437
1,2,0.38077521743105613
1,3,0.36890367624813764
1,4,0.4098589254625515
